0 / accounts@lordshivaintl.com/accounts@lordshivaintl.com/accounts@lordshivaintl.com
1 / accounts@lordshivaintl.com/accounts@lordshivaintl.com/accounts@lordshivaintl.com
2 / Accounts@rotomac.org/Accounts@rotomac.org/Accounts@rotomac.org
3 / accounts@tanbropack.com/accounts@tanbropack.com/accounts@tanbropack.com
4 / accountspanki@indiathermit.com/accountspanki@indiathermit.com/accountspanki@indiathermit.com
5 / accountspanki@indiathermit.com/accountspanki@indiathermit.com/accountspanki@indiathermit.com
6 / agmkhannahyundai@gmail.com/agmkhannahyundai@gmail.com/agmkhannahyundai@gmail.com
7 / ajaykumar_khanna@gmail.com/ajaykumar_khanna@gmail.com/ajaykumar_khanna@gmail.com
8 / ajeetc-12a@gmail.com/ajeetc-12a@gmail.com/ajeetc-12a@gmail.com
9 / ajenterprises_h-47@gmail.com/ajenterprises_h-47@gmail.com/ajenterprises_h-47@gmail.com
10 / almenengineers92@gmail.com/almenengineers92@gmail.com/almenengineers92@gmail.com
11 / alokenterprises_2@gmail.com/alokenterprises_2@gmail.com/alokenterprises_2@gmail.com
12 / alvinleathercrafts_d-10@gmail.com/alvinleathercrafts_d-10@gmail.com/alvinleathercrafts_d-10@gmail.com
13 / AMIT.KUMAR@SLMGBEV.COM/AMIT.KUMAR@SLMGBEV.COM/AMIT.KUMAR@SLMGBEV.COM
14 / amitabh.kgupta@gmail.com/amitabh.kgupta@gmail.com/amitabh.kgupta@gmail.com
15 / anchalpoly@dataone.in/anchalpoly@dataone.in/anchalpoly@dataone.in
16 / anchalpoy@dataone.in/anchalpoy@dataone.in/anchalpoy@dataone.in
17 / ANILKAYA@GMAIL.COM/ANILKAYA@GMAIL.COM/ANILKAYA@GMAIL.COM
18 / anilkumarkayab-20@gmail.com/anilkumarkayab-20@gmail.com/anilkumarkayab-20@gmail.com
19 / ankit_jain9646@yahoo.co.in/ankit_jain9646@yahoo.co.in/ankit_jain9646@yahoo.co.in
20 / ankurdealers_g-22@gmail.com/ankurdealers_g-22@gmail.com/ankurdealers_g-22@gmail.com
21 / anoop_mla@rediffmail.com/anoop_mla@rediffmail.com/anoop_mla@rediffmail.com
22 / anoop_mla@rediffmail.com/anoop_mla@rediffmail.com/anoop_mla@rediffmail.com
23 / anoop_mla@rediffmail.com/anoop_mla@rediffmail.com/anoop_mla@rediffmail.com
24 / ashishag@gmail.com/ashishag@gmail.com/ashishag@gmail.com
25 / ashokkumargupta98381@gmail.com/ashokkumargupta98381@gmail.com/ashokkumargupta98381@gmail.com
26 / ashokkumargupta98381@gmail.com/ashokkumargupta98381@gmail.com/ashokkumargupta98381@gmail.com
27 / ashokkumargupta98381@gmail.com/ashokkumargupta98381@gmail.com/ashokkumargupta98381@gmail.com
28 / ashokkumargupta98381@gmail.com/ashokkumargupta98381@gmail.com/ashokkumargupta98381@gmail.com
29 / ashokkumargupta98381@gmail.com/ashokkumargupta98381@gmail.com/ashokkumargupta98381@gmail.com
30 / ashokkumargupta98381@gmail.com/ashokkumargupta98381@gmail.com/ashokkumargupta98381@gmail.com
31 / ashwaryaindustires@hotmail.com/ashwaryaindustires@hotmail.com/ashwaryaindustires@hotmail.com
32 / avneesh1234@gmail.com/avneesh1234@gmail.com/avneesh1234@gmail.com
33 / AVNEESHKUMARG123@GMAIL.COM/AVNEESHKUMARG123@GMAIL.COM/AVNEESHKUMARG123@GMAIL.COM
34 / avrenterprises@gmail.com/avrenterprises@gmail.com/avrenterprises@gmail.com
35 / awadeshkumar_h-55@gmail.com/awadeshkumar_h-55@gmail.com/awadeshkumar_h-55@gmail.com
36 / bamdeoghrh@gmail.com/bamdeoghrh@gmail.com/bamdeoghrh@gmail.com
37 / banarsipolypack@gmail.com/banarsipolypack@gmail.com/banarsipolypack@gmail.com
38 / bansal1981@yahoo.com/bansal1981@yahoo.com/bansal1981@yahoo.com
39 / bansrajyadav99359@gmail.com/bansrajyadav99359@gmail.com/bansrajyadav99359@gmail.com
40 / bansuripolypack_b-3@gmail.com/bansuripolypack_b-3@gmail.com/bansuripolypack_b-3@gmail.com
41 / bhagwantirubber_e-4@gmail.com/bhagwantirubber_e-4@gmail.com/bhagwantirubber_e-4@gmail.com
42 / bharatsingh@gmail.com/bharatsingh@gmail.com/bharatsingh@gmail.com
43 / bhartirochlani@gmail.com/bhartirochlani@gmail.com/bhartirochlani@gmail.com
44 / bkpolypack_g-13@gmail.com/bkpolypack_g-13@gmail.com/bkpolypack_g-13@gmail.com
45 / bstinpackagers_g-25@gmail.com/bstinpackagers_g-25@gmail.com/bstinpackagers_g-25@gmail.com
46 / charanpack@hotmail.com/charanpack@hotmail.com/charanpack@hotmail.com
47 / charanpack@hotmail.com/charanpack@hotmail.com/charanpack@hotmail.com
48 / charanpack@hotmail.com/charanpack@hotmail.com/charanpack@hotmail.com
49 / deepak.goenka@lohiagroup.com/deepak.goenka@lohiagroup.com/deepak.goenka@lohiagroup.com
50 / deepak.goenka@lohiagroup.com/deepak.goenka@lohiagroup.com/deepak.goenka@lohiagroup.com
51 / deepak.goenka@lohiagroup.com/deepak.goenka@lohiagroup.com/deepak.goenka@lohiagroup.com
52 / deepak.goenka@lohiagroup.com/deepak.goenka@lohiagroup.com/deepak.goenka@lohiagroup.com
53 / deepak.goenka@lohiagroup.com/deepak.goenka@lohiagroup.com/deepak.goenka@lohiagroup.com
54 / deepak.goenka@lohiagroup.com/deepak.goenka@lohiagroup.com/deepak.goenka@lohiagroup.com
55 / deepakkumargupta5958@gmail.com/deepakkumargupta5958@gmail.com/deepakkumargupta5958@gmail.com
56 / devendrah-59@gmail.com/devendrah-59@gmail.com/devendrah-59@gmail.com
57 / devicharanmishra_d-7a@gmail.com/devicharanmishra_d-7a@gmail.com/devicharanmishra_d-7a@gmail.com
58 / dharamrajnishad_h-1@gmail.com/dharamrajnishad_h-1@gmail.com/dharamrajnishad_h-1@gmail.com
59 / dharmendrakumarg123@gmail.com/dharmendrakumarg123@gmail.com/dharmendrakumarg123@gmail.com
60 / divakarmishra00@gmail.com/divakarmishra00@gmail.com/divakarmishra00@gmail.com
61 / dsengineeringworks_h-82@gmail.com/dsengineeringworks_h-82@gmail.com/dsengineeringworks_h-82@gmail.com
62 / durveshkumari_h-78@gmail.com/durveshkumari_h-78@gmail.com/durveshkumari_h-78@gmail.com
63 / emain@sancharnet.in/emain@sancharnet.in/emain@sancharnet.in
64 / Enterprises@gmail.com/Enterprises@gmail.com/Enterprises@gmail.com
65 / gooddayrubber_h-50@gmail.com/gooddayrubber_h-50@gmail.com/gooddayrubber_h-50@gmail.com
66 / gsinternational@gmail.com/gsinternational@gmail.com/gsinternational@gmail.com
67 / hariguptakanpur@gmail.com/hariguptakanpur@gmail.com/hariguptakanpur@gmail.com
68 / harimohangupta_h-3@gmail.com/harimohangupta_h-3@gmail.com/harimohangupta_h-3@gmail.com
69 / hemkunttimbersltd@gmail.com/hemkunttimbersltd@gmail.com/hemkunttimbersltd@gmail.com
70 / info@anod.in/info@anod.in/info@anod.in
71 / info@growmore.in/info@growmore.in/info@growmore.in
72 / info@growmore.in/info@growmore.in/info@growmore.in
73 / info@heliconpumps.com/info@heliconpumps.com/info@heliconpumps.com
74 / info@heydayinternational.com/info@heydayinternational.com/info@heydayinternational.com
75 / info@heydayinternational.com/info@heydayinternational.com/info@heydayinternational.com
76 / info@kanplas.com/info@kanplas.com/info@kanplas.com
77 / info@kanplas.com/info@kanplas.com/info@kanplas.com
78 / info@khersurgical.com/info@khersurgical.com/info@khersurgical.com
79 / info@qaziengineering.com/info@qaziengineering.com/info@qaziengineering.com
80 / info@splperfect.com/info@splperfect.com/info@splperfect.com
81 / info@steelpllet.in/info@steelpllet.in/info@steelpllet.in
82 / jag@jagmini.com/jag@jagmini.com/jag@jagmini.com
83 / jpl@jagran.com/jpl@jagran.com/jpl@jagran.com
84 / jugkamalchemical_h-2@gmail.com/jugkamalchemical_h-2@gmail.com/jugkamalchemical_h-2@gmail.com
85 / kanpur.accounts@mercuryind.com/kanpur.accounts@mercuryind.com/kanpur.accounts@mercuryind.com
86 / kanpurpesticides_c-1b@gmail.com/kanpurpesticides_c-1b@gmail.com/kanpurpesticides_c-1b@gmail.com
87 / kanpurplast@gmail.com/kanpurplast@gmail.com/kanpurplast@gmail.com
88 / kashavdevc-23b@gmail.com/kashavdevc-23b@gmail.com/kashavdevc-23b@gmail.com
89 / khannamotors@gmail.com/khannamotors@gmail.com/khannamotors@gmail.com
90 / khannamotors@gmail.com/khannamotors@gmail.com/khannamotors@gmail.com
91 / khannamotors@gmail.com/khannamotors@gmail.com/khannamotors@gmail.com
92 / khannamotors@gmail.com/khannamotors@gmail.com/khannamotors@gmail.com
93 / khannasvivekchemicalspvtltd@gmail.com/khannasvivekchemicalspvtltd@gmail.com/khannasvivekchemicalspvtltd@gmail.com
94 / khannasvivekchemicalspvtltd@gmail.com/khannasvivekchemicalspvtltd@gmail.com/khannasvivekchemicalspvtltd@gmail.com
95 / kntifabind@gmail.com/kntifabind@gmail.com/kntifabind@gmail.com
96 / krishnakumar70078@gmail.com/krishnakumar70078@gmail.com/krishnakumar70078@gmail.com
97 / krishnakumar70078@gmail.com/krishnakumar70078@gmail.com/krishnakumar70078@gmail.com
98 / krishnakumar70078@gmail.com/krishnakumar70078@gmail.com/krishnakumar70078@gmail.com
99 / krishnakumar70078@gmail.com/krishnakumar70078@gmail.com/krishnakumar70078@gmail.com
100 / krishnakumar70078@gmail.com/krishnakumar70078@gmail.com/krishnakumar70078@gmail.com
101 / krishnakumar70078@gmail.com/krishnakumar70078@gmail.com/krishnakumar70078@gmail.com
102 / krishnakumar70078@gmail.com/krishnakumar70078@gmail.com/krishnakumar70078@gmail.com
103 / krishnaswaroop_b-18@gmail.com/krishnaswaroop_b-18@gmail.com/krishnaswaroop_b-18@gmail.com
104 / kstechnosafe@gmail.com/kstechnosafe@gmail.com/kstechnosafe@gmail.com
105 / kumarrotoflex@gmail.com/kumarrotoflex@gmail.com/kumarrotoflex@gmail.com
106 / kureleindustries@rediffmail.com/kureleindustries@rediffmail.com/kureleindustries@rediffmail.com
107 / kureleindustries@rediffmail.com/kureleindustries@rediffmail.com/kureleindustries@rediffmail.com
108 / kushagrabio_h-77@gmail.com/kushagrabio_h-77@gmail.com/kushagrabio_h-77@gmail.com
109 / kwalityfoam@rediffmail.com/kwalityfoam@rediffmail.com/kwalityfoam@rediffmail.com
110 / latexchemicals_g-27@gmail.com/latexchemicals_g-27@gmail.com/latexchemicals_g-27@gmail.com
111 / lunarchemical_g-18@gmail.com/lunarchemical_g-18@gmail.com/lunarchemical_g-18@gmail.com
112 / lunarchemical_g-20@gmail.com/lunarchemical_g-20@gmail.com/lunarchemical_g-20@gmail.com
113 / manishnarula2008@gmail.com/manishnarula2008@gmail.com/manishnarula2008@gmail.com
114 / manoharlalmanwani@yahoo.com/manoharlalmanwani@yahoo.com/manoharlalmanwani@yahoo.com
115 / masroorg16@gmail.com/masroorg16@gmail.com/masroorg16@gmail.com
116 / medvantageinnovation_b-20@gmail.com/medvantageinnovation_b-20@gmail.com/medvantageinnovation_b-20@gmail.com
117 / medvantageinnovation_b-21@gmail.com/medvantageinnovation_b-21@gmail.com/medvantageinnovation_b-21@gmail.com
118 / meerapaint_h-52@gmail.com/meerapaint_h-52@gmail.com/meerapaint_h-52@gmail.com
119 / mehrotrajit@gmail.com/mehrotrajit@gmail.com/mehrotrajit@gmail.com
120 / mineraloilcompany_d-11@gmail.com/mineraloilcompany_d-11@gmail.com/mineraloilcompany_d-11@gmail.com
121 / MKTG@MLAGROUP.COM/MKTG@MLAGROUP.COM/MKTG@MLAGROUP.COM
122 / mlavishnoisalil@gmail.com/mlavishnoisalil@gmail.com/mlavishnoisalil@gmail.com
123 / mlsons_h-60@gmail.com/mlsons_h-60@gmail.com/mlsons_h-60@gmail.com
124 / mocknp@gmail.com/mocknp@gmail.com/mocknp@gmail.com
125 / mohanhotelpccpoles@yahoo.in/mohanhotelpccpoles@yahoo.in/mohanhotelpccpoles@yahoo.in
126 / mohankumar_h-67@gmail.com/mohankumar_h-67@gmail.com/mohankumar_h-67@gmail.com
127 / mohdirfan@gmail.com/mohdirfan@gmail.com/mohdirfan@gmail.com
128 / Mohit.c@tirubala.com/Mohit.c@tirubala.com/Mohit.c@tirubala.com
129 / Mohit.c@tirubala.com/Mohit.c@tirubala.com/Mohit.c@tirubala.com
130 / Mohit.c@tirubala.com/Mohit.c@tirubala.com/Mohit.c@tirubala.com
131 / namanpackagers_h-24@gmail.com/namanpackagers_h-24@gmail.com/namanpackagers_h-24@gmail.com
132 / nationalseeds_d-25@gmail.com/nationalseeds_d-25@gmail.com/nationalseeds_d-25@gmail.com
133 / naveenkumarkurele@gmail.com/naveenkumarkurele@gmail.com/naveenkumarkurele@gmail.com
134 / nav-lakshmiengineers_f-7d@gmail.com/nav-lakshmiengineers_f-7d@gmail.com/nav-lakshmiengineers_f-7d@gmail.com
135 / nikitaenterprises@gmail.com/nikitaenterprises@gmail.com/nikitaenterprises@gmail.com
136 / pawanbakers2@gmail.com/pawanbakers2@gmail.com/pawanbakers2@gmail.com
137 / pawanbakers2@gmail.com/pawanbakers2@gmail.com/pawanbakers2@gmail.com
138 / pawankumar_h-41@gmail.com/pawankumar_h-41@gmail.com/pawankumar_h-41@gmail.com
139 / pragatispices_d-6@gmail.com/pragatispices_d-6@gmail.com/pragatispices_d-6@gmail.com
140 / prakashnarang_h-32@gmail.com/prakashnarang_h-32@gmail.com/prakashnarang_h-32@gmail.com
141 / pramit@indiabraids.com/pramit@indiabraids.com/pramit@indiabraids.com
142 / praveenkumarkurele@gmail.com/praveenkumarkurele@gmail.com/praveenkumarkurele@gmail.com
143 / preetisrivastava98710@gmail.com/preetisrivastava98710@gmail.com/preetisrivastava98710@gmail.com
144 / propsse1234@gmail.com/propsse1234@gmail.com/propsse1234@gmail.com
145 / purwarshalni@gmail.com/purwarshalni@gmail.com/purwarshalni@gmail.com
146 / radhaguptab-16@gmail.com/radhaguptab-16@gmail.com/radhaguptab-16@gmail.com
147 / rahulkbatraf6@gmail.com/rahulkbatraf6@gmail.com/rahulkbatraf6@gmail.com
148 / RAJEEV12121223@GMAIL.COM/RAJEEV12121223@GMAIL.COM/RAJEEV12121223@GMAIL.COM
149 / rajeevfoodtech@gmail.com/rajeevfoodtech@gmail.com/rajeevfoodtech@gmail.com
150 / rajnidevi_h-63@gmail.com/rajnidevi_h-63@gmail.com/rajnidevi_h-63@gmail.com
151 / rajnishtiwari84@gmail.com/rajnishtiwari84@gmail.com/rajnishtiwari84@gmail.com
152 / rajshreeprinters161@gmail.com/rajshreeprinters161@gmail.com/rajshreeprinters161@gmail.com
153 / rakesh@swadeshioverseas.com/rakesh@swadeshioverseas.com/rakesh@swadeshioverseas.com
154 / ratanfoods_products@gmail.com/ratanfoods_products@gmail.com/ratanfoods_products@gmail.com
155 / ratnesh.sonkar123@gmail.com/ratnesh.sonkar123@gmail.com/ratnesh.sonkar123@gmail.com
156 / ravindrasaffarc-29b@gmail.com/ravindrasaffarc-29b@gmail.com/ravindrasaffarc-29b@gmail.com
157 / raviprakash_h-65@gmail.com/raviprakash_h-65@gmail.com/raviprakash_h-65@gmail.com
158 / relianceinternational@gmail.com/relianceinternational@gmail.com/relianceinternational@gmail.com
159 / rupanikarthikey@rediffmail.com/rupanikarthikey@rediffmail.com/rupanikarthikey@rediffmail.com
160 / sales@mlagroup.com/sales@mlagroup.com/sales@mlagroup.com
161 / sandeepkumarf-1a@gmail.com/sandeepkumarf-1a@gmail.com/sandeepkumarf-1a@gmail.com
162 / sanjaykumar_h-53@gmail.com/sanjaykumar_h-53@gmail.com/sanjaykumar_h-53@gmail.com
163 / sanjaykumar_h-54@gmail.com/sanjaykumar_h-54@gmail.com/sanjaykumar_h-54@gmail.com
164 / sanjeevagarwal_h-66@gmail.com/sanjeevagarwal_h-66@gmail.com/sanjeevagarwal_h-66@gmail.com
165 / saradkumargup.@gmail.com/saradkumargup.@gmail.com/saradkumargup.@gmail.com
166 / saraswaticharan_h-11@gmail.com/saraswaticharan_h-11@gmail.com/saraswaticharan_h-11@gmail.com
167 / sealindia_h-81@gmail.com/sealindia_h-81@gmail.com/sealindia_h-81@gmail.com
168 / seemabhatia_b-13@gmail.com/seemabhatia_b-13@gmail.com/seemabhatia_b-13@gmail.com
169 / shaktisteeltraders_h-79@gmail.com/shaktisteeltraders_h-79@gmail.com/shaktisteeltraders_h-79@gmail.com
170 / shantisurgical_g-28@gmail.com/shantisurgical_g-28@gmail.com/shantisurgical_g-28@gmail.com
171 / shimonamultipack_b-8@gmail.colm/shimonamultipack_b-8@gmail.colm/shimonamultipack_b-8@gmail.colm
172 / shimonamultipack_b-8@gmail.colm/shimonamultipack_b-8@gmail.colm/shimonamultipack_b-8@gmail.colm
173 / shivtextile123@gmail.com/shivtextile123@gmail.com/shivtextile123@gmail.com
174 / shreetulsi.tulsi@gmail.com/shreetulsi.tulsi@gmail.com/shreetulsi.tulsi@gmail.com
175 / shrimahadevindustries_d-1-2@gmail.com/shrimahadevindustries_d-1-2@gmail.com/shrimahadevindustries_d-1-2@gmail.com
176 / skolastindia123@gmail.com/skolastindia123@gmail.com/skolastindia123@gmail.com
177 / sneelajgpta@gmail.com/sneelajgpta@gmail.com/sneelajgpta@gmail.com
178 / sneelajgpta@gmail.com/sneelajgpta@gmail.com/sneelajgpta@gmail.com
179 / sngupta@gamail.com/sngupta@gamail.com/sngupta@gamail.com
180 / somelc123@gmail.com/somelc123@gmail.com/somelc123@gmail.com
181 / somendramehtaknp@gmail.com/somendramehtaknp@gmail.com/somendramehtaknp@gmail.com
182 / ssgknplux@gmail.com/ssgknplux@gmail.com/ssgknplux@gmail.com
183 / ssresin@gmail.com/ssresin@gmail.com/ssresin@gmail.com
184 / standardniwalmills_d-24@gmail.com/standardniwalmills_d-24@gmail.com/standardniwalmills_d-24@gmail.com
185 / standardplastic_h-40@gmail.com/standardplastic_h-40@gmail.com/standardplastic_h-40@gmail.com
186 / standardsynthetic_d-21@gmail.com/standardsynthetic_d-21@gmail.com/standardsynthetic_d-21@gmail.com
187 / sumpunws@gmail.com/sumpunws@gmail.com/sumpunws@gmail.com
188 / suneelgpta@gmail.com/suneelgpta@gmail.com/suneelgpta@gmail.com
189 / sunilkapoor_g-29@gmail.com/sunilkapoor_g-29@gmail.com/sunilkapoor_g-29@gmail.com
190 / sunrays_industry@rediffmail.com/sunrays_industry@rediffmail.com/sunrays_industry@rediffmail.com
191 / sunshinefabrics@rediffmail.com/sunshinefabrics@rediffmail.com/sunshinefabrics@rediffmail.com
192 / sunshinefabrics@rediffmail.com/sunshinefabrics@rediffmail.com/sunshinefabrics@rediffmail.com
193 / swastiktraders_g-35@gmail.com/swastiktraders_g-35@gmail.com/swastiktraders_g-35@gmail.com
194 / syntheticsilica_d-8@gmail.com/syntheticsilica_d-8@gmail.com/syntheticsilica_d-8@gmail.com
195 / technopharmpvtltd@gmail.com/technopharmpvtltd@gmail.com/technopharmpvtltd@gmail.com
196 / textileinternational_g-38@gmail.com/textileinternational_g-38@gmail.com/textileinternational_g-38@gmail.com
197 / thermocareindustriesltd@gmail.com/thermocareindustriesltd@gmail.com/thermocareindustriesltd@gmail.com
198 / TIVARIJI@GMIAL.COM/TIVARIJI@GMIAL.COM/TIVARIJI@GMIAL.COM
199 / udaitextile_h-46@gmail.com/udaitextile_h-46@gmail.com/udaitextile_h-46@gmail.com
200 / umadeviverma_h-5@gmail.com/umadeviverma_h-5@gmail.com/umadeviverma_h-5@gmail.com
201 / upcorporationfederation_c-39@gmail.com/upcorporationfederation_c-39@gmail.com/upcorporationfederation_c-39@gmail.com
202 / vansalindia@gmail.com/vansalindia@gmail.com/vansalindia@gmail.com
203 / ved_sasso@yahoo.com/ved_sasso@yahoo.com/ved_sasso@yahoo.com
204 / verkeyphlip_g-15@gmail.com/verkeyphlip_g-15@gmail.com/verkeyphlip_g-15@gmail.com
205 / vijaykanodia@gmail.com/vijaykanodia@gmail.com/vijaykanodia@gmail.com
206 / vikdramvertex@rediffmail.com/vikdramvertex@rediffmail.com/vikdramvertex@rediffmail.com
207 / vineetkumar79854@gmail.com/vineetkumar79854@gmail.com/vineetkumar79854@gmail.com
208 / yadavsugharsingh8@gmail.com/yadavsugharsingh8@gmail.com/yadavsugharsingh8@gmail.com
209 / yogeshpurwar@gmail.com/yogeshpurwar@gmail.com/yogeshpurwar@gmail.com
210 / yogeshpurwar123@gmail.com/yogeshpurwar123@gmail.com/yogeshpurwar123@gmail.com
